{
  "Fastball": {
    "mu": 0.011193736093709893,
    "sd": 0.009626112807018639
  },
  "Breaking": {
    "mu": 0.006539392359943953,
    "sd": 0.0070294313002203
  },
  "Offspeed": {
    "mu": 0.0010950088941743296,
    "sd": 0.003625348155139727
  }
}